country:
    afghanistan: "Afghanistan"
    albania: "Albania"
    algeria: "Algeria"
    american_samoa: "American Samoa"
    andorra: "Andorra"
    angola: "Angola"
    anguilla: "Anguilla"
    antarctica: "Antarctica"
    antigua_and_barbuda: "Antigua and Barbuda"
    argentina: "Argentina"
    armenia: "Armenia"
    aruba: "Aruba"
    australia: "Australia"
    austria: "Austria"
    azerbaijan: "Azerbaijan"
    bahamas: "Bahamas"
    bahrain: "Bahrain"
    bangladesh: "Bangladesh"
    barbados: "Barbados"
    belarus: "Belarus"
    belgium: "Belgium"
    belize: "Belize"
    benin: "Benin"
    bermuda: "Bermuda"
    bhutan: "Bhutan"
    bolivia: "Bolivia"
    bosnia_and_herzegovina: "Bosnia and Herzegovina"
    botswana: "Botswana"
    bouvet_island: "Bouvet Island"
    brazil: "Brazil"
    british_antarctic_territory: "British Antarctic Territory"
    british_indian_ocean_territory: "British Indian Ocean Territory"
    british_virgin_islands: "British Virgin Islands"
    brunei: "Brunei"
    bulgaria: "Bulgaria"
    burkina_faso: "Burkina Faso"
    burundi: "Burundi"
    cambodia: "Cambodia"
    cameroon: "Cameroon"
    canada: "Canada"
    canton_and_enderbury_islands: "Canton and Enderbury Islands"
    cape_verde: "Cape Verde"
    cayman_islands: "Cayman Islands"
    central_african_republic: "Central African Republic"
    chad: "Chad"
    chile: "Chile"
    china: "China"
    christmas_island: "Christmas Island"
    colombia: "Colombia"
    comoros: "Comoros"
    congo_-_brazzaville: "Congo - Brazzaville"
    congo_-_kinshasa: "Congo - Kinshasa"
    cook_islands: "Cook Islands"
    costa_rica: "Costa Rica"
    croatia: "Croatia"
    cuba: "Cuba"
    cyprus: "Cyprus"
    czech_republic: "Czech Republic"
    denmark: "Denmark"
    djibouti: "Djibouti"
    dominica: "Dominica"
    dominican_republic: "Dominican Republic"
    dronning_maud_land: "Dronning Maud Land"
    east_germany: "East Germany"
    ecuador: "Ecuador"
    egypt: "Egypt"
    el_salvador: "El Salvador"
    equatorial_guinea: "Equatorial Guinea"
    eritrea: "Eritrea"
    estonia: "Estonia"
    ethiopia: "Ethiopia"
    falkland_islands: "Falkland Islands"
    faroe_islands: "Faroe Islands"
    fiji: "Fiji"
    finland: "Finland"
    france: "France"
    french_guiana: "French Guiana"
    french_polynesia: "French Polynesia"
    french_southern_territories: "French Southern Territories"
    french_southern_and_antarctic_territories: "French Southern and Antarctic Territories"
    gabon: "Gabon"
    gambia: "Gambia"
    georgia: "Georgia"
    germany: "Germany"
    ghana: "Ghana"
    gibraltar: "Gibraltar"
    greece: "Greece"
    greenland: "Greenland"
    grenada: "Grenada"
    guadeloupe: "Guadeloupe"
    guam: "Guam"
    guatemala: "Guatemala"
    guernsey: "Guernsey"
    guinea: "Guinea"
    guinea-bissau: "Guinea-Bissau"
    guyana: "Guyana"
    haiti: "Haiti"
    heard_island_and_mcdonald_islands: "Heard Island and McDonald Islands"
    honduras: "Honduras"
    hong_kong_sar_china: "Hong Kong SAR China"
    hungary: "Hungary"
    iceland: "Iceland"
    india: "India"
    indonesia: "Indonesia"
    iran: "Iran"
    iraq: "Iraq"
    ireland: "Ireland"
    isle_of_man: "Isle of Man"
    israel: "Israel"
    italy: "Italy"
    jamaica: "Jamaica"
    japan: "Japan"
    jersey: "Jersey"
    johnston_island: "Johnston Island"
    jordan: "Jordan"
    kazakhstan: "Kazakhstan"
    kenya: "Kenya"
    kiribati: "Kiribati"
    kuwait: "Kuwait"
    kyrgyzstan: "Kyrgyzstan"
    laos: "Laos"
    latvia: "Latvia"
    lebanon: "Lebanon"
    lesotho: "Lesotho"
    liberia: "Liberia"
    libya: "Libya"
    liechtenstein: "Liechtenstein"
    lithuania: "Lithuania"
    luxembourg: "Luxembourg"
    macau_sar_china: "Macau SAR China"
    macedonia: "Macedonia"
    madagascar: "Madagascar"
    malawi: "Malawi"
    malaysia: "Malaysia"
    maldives: "Maldives"
    mali: "Mali"
    malta: "Malta"
    marshall_islands: "Marshall Islands"
    martinique: "Martinique"
    mauritania: "Mauritania"
    mauritius: "Mauritius"
    mayotte: "Mayotte"
    metropolitan_france: "Metropolitan France"
    mexico: "Mexico"
    micronesia: "Micronesia"
    midway_islands: "Midway Islands"
    moldova: "Moldova"
    monaco: "Monaco"
    mongolia: "Mongolia"
    montenegro: "Montenegro"
    montserrat: "Montserrat"
    morocco: "Morocco"
    mozambique: "Mozambique"
    namibia: "Namibia"
    nauru: "Nauru"
    nepal: "Nepal"
    netherlands: "Netherlands"
    netherlands_antilles: "Netherlands Antilles"
    neutral_zone: "Neutral Zone"
    new_caledonia: "New Caledonia"
    new_zealand: "New Zealand"
    nicaragua: "Nicaragua"
    niger: "Niger"
    nigeria: "Nigeria"
    niue: "Niue"
    norfolk_island: "Norfolk Island"
    north_korea: "North Korea"
    north_vietnam: "North Vietnam"
    northern_mariana_islands: "Northern Mariana Islands"
    norway: "Norway"
    oman: "Oman"
    pacific_islands_trust_territory: "Pacific Islands Trust Territory"
    pakistan: "Pakistan"
    palau: "Palau"
    palestinian_territories: "Palestinian Territories"
    panama: "Panama"
    panama_canal_zone: "Panama Canal Zone"
    papua_new_guinea: "Papua New Guinea"
    paraguay: "Paraguay"
    people's_democratic_republic_of_yemen: "People's Democratic Republic of Yemen"
    peru: "Peru"
    philippines: "Philippines"
    pitcairn_islands: "Pitcairn Islands"
    poland: "Poland"
    portugal: "Portugal"
    puerto_rico: "Puerto Rico"
    qatar: "Qatar"
    romania: "Romania"
    russia: "Russia"
    rwanda: "Rwanda"
    saint_helena: "Saint Helena"
    saint_kitts_and_nevis: "Saint Kitts and Nevis"
    saint_lucia: "Saint Lucia"
    saint_martin: "Saint Martin"
    saint_pierre_and_miquelon: "Saint Pierre and Miquelon"
    saint_vincent_and_the_grenadines: "Saint Vincent and the Grenadines"
    samoa: "Samoa"
    san_marino: "San Marino"
    saudi_arabia: "Saudi Arabia"
    senegal: "Senegal"
    serbia: "Serbia"
    serbia_and_montenegro: "Serbia and Montenegro"
    seychelles: "Seychelles"
    sierra_leone: "Sierra Leone"
    singapore: "Singapore"
    slovakia: "Slovakia"
    slovenia: "Slovenia"
    solomon_islands: "Solomon Islands"
    somalia: "Somalia"
    south_africa: "South Africa"
    south_georgia_and_the_south_sandwich_islands: "South Georgia and the South Sandwich Islands"
    south_korea: "South Korea"
    spain: "Spain"
    sri_lanka: "Sri Lanka"
    sudan: "Sudan"
    suriname: "Suriname"
    svalbard_and_jan_mayen: "Svalbard and Jan Mayen"
    swaziland: "Swaziland"
    sweden: "Sweden"
    switzerland: "Switzerland"
    syria: "Syria"
    taiwan: "Taiwan"
    tajikistan: "Tajikistan"
    tanzania: "Tanzania"
    thailand: "Thailand"
    timor-leste: "Timor-Leste"
    togo: "Togo"
    tokelau: "Tokelau"
    tonga: "Tonga"
    trinidad_and_tobago: "Trinidad and Tobago"
    tunisia: "Tunisia"
    turkey: "Turkey"
    turkmenistan: "Turkmenistan"
    turks_and_caicos_islands: "Turks and Caicos Islands"
    tuvalu: "Tuvalu"
    u.s._minor_outlying_islands: "U.S. Minor Outlying Islands"
    u.s._miscellaneous_pacific_islands: "U.S. Miscellaneous Pacific Islands"
    u.s._virgin_islands: "U.S. Virgin Islands"
    uganda: "Uganda"
    ukraine: "Ukraine"
    union_of_soviet_socialist_republics: "Union of Soviet Socialist Republics"
    united_arab_emirates: "United Arab Emirates"
    united_kingdom: "United Kingdom"
    united_states: "United States"
    unknown_or_invalid_region: "Unknown or Invalid Region"
    uruguay: "Uruguay"
    uzbekistan: "Uzbekistan"
    vanuatu: "Vanuatu"
    vatican_city: "Vatican City"
    venezuela: "Venezuela"
    vietnam: "Vietnam"
    wake_island: "Wake Island"
    wallis_and_futuna: "Wallis and Futuna"
    western_sahara: "Western Sahara"
    yemen: "Yemen"
    zambia: "Zambia"
    zimbabwe: "Zimbabwe"
